country,iso2c,iso3c,year,status,lastupdated,internet,movil,banda_ancha,electricidad,urbano,secundaria,activ_fem,poblacion,region,capital,longitude,latitude,income,lending
Afghanistan,AF,AFG,2023,,2026-07-13,15.92840004,55.5474967036959,0.0800873028793967,85.3,25.4730529631167,59.6136016845703,5.145,41454761,South Asia,Kabul,69.1761,34.5228,Low income,IDA
Africa Eastern and Southern,ZH,AFE,2023,,2026-07-13,27.8,82.3,0.78,50.667515794485404,37.7723012408349,45.1553916931152,63.5925984344771,750491370,Aggregates,,,,Aggregates,Aggregates
Africa Western and Central,ZI,AFW,2023,,2026-07-13,38.5,101.4,0.48,57.0647374680747,52.3021093132307,46.4422416687012,67.3519644248569,508318102,Aggregates,,,,Aggregates,Aggregates
Albania,AL,ALB,2023,,2026-07-13,83.13559161,92.9973271969712,22.5048592377088,100,58.2106086137857,96.1368771236947,57.963,2411658,Europe & Central Asia,Tirane,19.8172,41.3317,Upper middle income,IBRD
Algeria,DZ,DZA,2023,,2026-07-13,76.19760132,111.60623555659,12.0086836084024,100,74.732808364138,101.264892578125,14.338,46164219,Middle East & North Africa,Algiers,3.05097,36.7397,Upper middle income,IBRD
American Samoa,AS,ASM,2023,,2026-07-13,NA,NA,NA,NA,81.3721542708222,NA,NA,47521,East Asia & Pacific,Pago Pago,-170.691,-14.2846,High income,Not classified
Andorra,AD,AND,2023,,2026-07-13,94.21499634,156.09725932522,51.7401306025527,100,88.8201609217082,99.5086517333984,NA,80856,Europe & Central Asia,Andorra la Vella,1.5218,42.5075,High income,Not classified
Angola,AO,AGO,2023,,2026-07-13,37.88589859,70.0519587723571,0.373668982990052,51.1,69.8515032220457,51.4839046246776,72.318,36749906,Sub-Saharan Africa,Luanda,13.242,-8.81155,Lower middle income,IBRD
Antigua and Barbuda,AG,ATG,2023,,2026-07-13,72.12409973,NA,NA,100,24.4500156687422,108.880778588808,NA,93316,Latin America & Caribbean,Saint John's,-61.8456,17.1175,High income,IBRD
Arab World,1A,ARB,2023,,2026-07-13,NA,NA,NA,91.6454299444509,59.569940800309,68.6525421142578,19.0969986727696,482105978,Aggregates,,,,Aggregates,Aggregates
Argentina,AR,ARG,2023,,2026-07-13,89.22897166,137.706086781571,25.3580730689248,100,92.1945132257907,105.574584297051,52.958,45538401,Latin America & Caribbean,Buenos Aires,-58.4173,-34.6118,Upper middle income,IBRD
Armenia,AM,ARM,2023,,2026-07-13,79.99663036,134.519957069953,18.5458075085454,100,65.6956882008852,89.4111027634947,51.517,2964300,Europe & Central Asia,Yerevan,44.509,40.1596,Upper middle income,IBRD
Aruba,AW,ABW,2023,,2026-07-13,NA,NA,NA,100,61.8351492675589,NA,NA,107359,Latin America & Caribbean,Oranjestad,-70.0167,12.5167,High income,Not classified
Australia,AU,AUS,2023,,2026-07-13,96.1160965,112.513177133796,36.627426494239,100,87.4866955653765,134.099243164062,62.576,26659922,East Asia & Pacific,Canberra,149.129,-35.282,High income,Not classified
Austria,AT,AUT,2023,,2026-07-13,95.33467117,121.746207105931,29.3725409835617,100,69.2265358276021,100.504371643066,55.812,9131761,Europe & Central Asia,Vienna,16.3798,48.2201,High income,Not classified
Azerbaijan,AZ,AZE,2023,,2026-07-13,89,107.686732782159,20.8825041017301,100,58.5075350483702,92.7402972401367,61.748,10153958,Europe & Central Asia,Baku,49.8932,40.3834,Upper middle income,IBRD
"Bahamas, The",BS,BHS,2023,,2026-07-13,92.38729858,100.047566593231,23.816342880032,100,81.3213799173676,87.1455240465819,71.014,399440,Latin America & Caribbean,Nassau,-77.339,25.0661,High income,Not classified
Bahrain,BH,BHR,2023,,2026-07-13,100,153.899937948583,17.1582362107608,100,100,104.392938701638,42.382,1577059,Middle East & North Africa,Manama,50.5354,26.1921,High income,Not classified
Bangladesh,BD,BGD,2023,,2026-07-13,44.50274195,111.28089435756701,7.89245848428319,99.5,32.1578465036834,65.9856598598849,41.874,171466990,South Asia,Dhaka,90.4113,23.7055,Lower middle income,IDA
Barbados,BB,BRB,2023,,2026-07-13,69.67510223,NA,NA,100,59.4235740235775,102.513702392578,61.146,282336,Latin America & Caribbean,Bridgetown,-59.6105,13.0935,High income,IBRD
Belarus,BY,BLR,2023,,2026-07-13,91.51249979,128.979176539764,35.0931910729644,100,78.8146420666327,97.4265999006565,57.417,9178298,Europe & Central Asia,Minsk,27.5766,53.9678,Upper middle income,IBRD
Belgium,BE,BEL,2023,,2026-07-13,94.62625074,103.196426365374,43.7026445985633,100,87.551492636772,142.960266113281,49.834,11779946,Europe & Central Asia,Brussels,4.36761,50.8371,High income,Not classified
Belize,BZ,BLZ,2023,,2026-07-13,70.18720245,NA,NA,99.6,41.9459437504976,83.619553808705,44.076,411106,Latin America & Caribbean,Belmopan,-88.7713,17.2534,Upper middle income,Blend
Benin,BJ,BEN,2023,,2026-07-13,32.39400101,116.036046685168,0.170880461346773,57,51.7457922964593,NA,74.802,14111034,Sub-Saharan Africa,Porto-Novo,2.6323,6.4779,Lower middle income,IDA
Bermuda,BM,BMU,2023,,2026-07-13,NA,NA,NA,100,100,74.3967514038086,NA,64698,North America,Hamilton,-64.706,32.3293,High income,Not classified
Bhutan,BT,BTN,2023,,2026-07-13,90.02140045,95.6260610260877,1.31881966212479,100,41.7352457989939,86.8564415582911,56.618,786385,South Asia,Thimphu,89.6177,27.5768,Lower middle income,IDA
Bolivia,BO,BOL,2023,,2026-07-13,77.30039978,NA,11.1529423948186,99.8,70.9151414044538,91.3676827044767,72.455,12244159,Latin America & Caribbean,La Paz,-66.1936,-13.9908,Lower middle income,IBRD
Bosnia and Herzegovina,BA,BIH,2023,,2026-07-13,83.3771539,117.733690876159,28.440133083292,100,51.5657239834305,87.8663787841797,39.533,3185073,Europe & Central Asia,Sarajevo,18.4214,43.8607,Upper middle income,IBRD
Botswana,BW,BWA,2023,,2026-07-13,NA,179.027305378019,6.16495796381324,76,67.0212655349864,NA,63.426,2480244,Sub-Saharan Africa,Gaborone,25.9201,-24.6544,Upper middle income,IBRD
Brazil,BR,BRA,2023,,2026-07-13,84.15060238,101.020256020808,22.4192301618889,99.8,87.6159710235763,NA,53.205,211140729,Latin America & Caribbean,Brasilia,-47.9292,-15.7801,Upper middle income,IBRD
British Virgin Islands,VG,VGB,2023,,2026-07-13,NA,90.8246761574965,23.5269975631653,100,55.6407774494219,70.4463994786575,NA,38985,Latin America & Caribbean,Road Town,-64.623056,18.431389,High income,Not classified
Brunei Darussalam,BN,BRN,2023,,2026-07-13,98.97039795,118.673752421293,20.2120497048692,100,74.8199193881365,91.8381544399811,54.827,458949,East Asia & Pacific,Bandar Seri Begawan,114.946,4.94199,High income,Not classified
Bulgaria,BG,BGR,2023,,2026-07-13,80.38956462,117.932685806225,37.0235717545079,100,73.7322671584613,95.6239624023438,51.029,6446596,Europe & Central Asia,Sofia,23.3238,42.7105,High income,IBRD
Burkina Faso,BF,BFA,2023,,2026-07-13,25.36120033,116.16313821519,0.459463342299517,21.7,27.7872478365158,30.8551216331757,64.722,23025776,Sub-Saharan Africa,Ouagadougou,-1.53395,12.3605,Low income,IDA
Burundi,BI,BDI,2023,,2026-07-13,7.172299862,63.1631365759764,0.0203441336211462,11.6,23.5534768372276,NA,79.98,13689450,Sub-Saharan Africa,Bujumbura,29.3639,-3.3784,Low income,IDA
Cabo Verde,CV,CPV,2023,,2026-07-13,74.59919739,113.022968194497,7.23008973237277,98.6,75.9064245753376,NA,50.216,522331,Sub-Saharan Africa,Praia,-23.5087,14.9218,Lower middle income,Blend
Cambodia,KH,KHM,2023,,2026-07-13,68.92549896,120.80911943838,3.64181801068419,95,40.6290788072508,56.7864734981041,77.22,17423880,East Asia & Pacific,Phnom Penh,104.874,11.5556,Lower middle income,IDA
Cameroon,CM,CMR,2023,,2026-07-13,42.24380112,96.4817325902196,NA,72,55.1286878511388,44.840795775403,57.095,28372687,Sub-Saharan Africa,Yaounde,11.5174,3.8721,Lower middle income,Blend
Canada,CA,CAN,2023,,2026-07-13,94.14530182,94.1497268194785,42.5241770773151,100,82.5250564408346,104.320877075195,61.134,40049088,North America,Ottawa,-75.6919,45.4215,High income,Not classified
Caribbean small states,S3,CSS,2023,,2026-07-13,NA,NA,NA,99.168477538461,50.1020889305245,85.927131652832,51.7796158767382,4519904,Aggregates,,,,Aggregates,Aggregates
Cayman Islands,KY,CYM,2023,,2026-07-13,NA,NA,NA,100,100,86.0370923044127,NA,73038,Latin America & Caribbean,George Town,-81.3857,19.3022,High income,Not classified
Central African Republic,CF,CAF,2023,,2026-07-13,13.8416996,NA,NA,17.6,43.6983692134165,NA,65.608,5152421,Sub-Saharan Africa,Bangui,21.6407,5.63056,Low income,IDA
Central Europe and the Baltics,B8,CEB,2023,,2026-07-13,NA,NA,NA,100,61.69707902806,99.31640625,50.8777791701492,100183707,Aggregates,,,,Aggregates,Aggregates
Chad,TD,TCD,2023,,2026-07-13,12.03590012,70.1873962423852,0,12,26.3305395171046,24.1941648001316,47.817,19319064,Sub-Saharan Africa,N'Djamena,15.0445,12.1048,Low income,IDA
Channel Islands,JG,CHI,2023,,2026-07-13,NA,NA,NA,100,32.7554337975051,NA,50.001,167691,Europe & Central Asia,,,,High income,Not classified
Chile,CL,CHL,2023,,2026-07-13,94.45742345,135.871118507277,22.9954165646133,100,88.8158617217972,105.83097076416,51.963,19658835,Latin America & Caribbean,Santiago,-70.6475,-33.475,High income,IBRD
China,CN,CHN,2023,,2026-07-13,90.6,128.247014127486,44.728886496649,100,65.5301448035523,NA,60.216,1410710000,East Asia & Pacific,Beijing,116.286,40.0495,Upper middle income,IBRD
Colombia,CO,COL,2023,,2026-07-13,77.33686322,166.980107777443,17.0369815251774,98.7,78.275571579544,NA,51.833,52321152,Latin America & Caribbean,Bogota,-74.082,4.60987,Upper middle income,IBRD
Comoros,KM,COM,2023,,2026-07-13,31.92749977,109.855630436495,0.387941019794517,89.8,33.1502180946901,NA,47.058,850387,Sub-Saharan Africa,Moroni,43.2418,-11.6986,Lower middle income,IDA
"Congo, Dem. Rep.",CD,COD,2023,,2026-07-13,18.96789932,53.1888827659463,0.0219936280960956,22.1,44.3754734892194,55.4860992431641,61.719,105789731,Sub-Saharan Africa,Kinshasa,15.3222,-4.325,Low income,IDA
"Congo, Rep.",CG,COG,2023,,2026-07-13,43.15039825,94.8715365076336,1.26798412068153,51.3,63.6626757615625,NA,65.642,6182885,Sub-Saharan Africa,Brazzaville,15.2662,-4.2767,Lower middle income,Blend
Costa Rica,CR,CRI,2023,,2026-07-13,85.39514799,133.527658761832,22.5231293549635,100,78.8819393641702,125.510070800781,44.088,5105525,Latin America & Caribbean,San Jose,-84.0089,9.63701,Upper middle income,IBRD
Cote d'Ivoire,CI,CIV,2023,,2026-07-13,40.65284979,171.988943341282,1.36336622359986,72.4,53.4075201638704,63.9607557764462,59.258,31165654,Sub-Saharan Africa,Yamoussoukro,-4.0305,5.332,Lower middle income,IDA
Croatia,HR,HRV,2023,,2026-07-13,83.24117599,117.112604314708,28.4709561519529,100,57.2431560672198,105.025161743164,47.139,3859686,Europe & Central Asia,Zagreb,15.9614,45.8069,High income,IBRD
Cuba,CU,CUB,2023,,2026-07-13,69.55580139,69.5767786567811,2.97118012807884,100,77.1259872296321,95.5986574273359,41.159,11019931,Latin America & Caribbean,Havana,-82.3667,23.1333,Upper middle income,Not classified
Curacao,CW,CUW,2023,,2026-07-13,NA,93.7975591472655,31.5126707545287,100,91.4080929292235,123.429739994157,NA,154654,Latin America & Caribbean,Willemstad,,,High income,Not classified
Cyprus,CY,CYP,2023,,2026-07-13,91.22110357,148.333712748344,36.9005587748344,100,66.6739477522639,105.159156799316,62.495,1344976,Europe & Central Asia,Nicosia,33.3736,35.1676,High income,Not classified
Czechia,CZ,CZE,2023,,2026-07-13,85.99404818,126.004753501387,37.9099783935119,100,72.7352388396817,97.6154174804688,53.241,10864042,Europe & Central Asia,Prague,14.4205,50.0878,High income,Not classified
Denmark,DK,DNK,2023,,2026-07-13,98.77559197,126.717092547985,44.0352069959396,100,88.552638542867,126.98078918457,59.812,5946952,Europe & Central Asia,Copenhagen,12.5681,55.6763,High income,Not classified
Djibouti,DJ,DJI,2023,,2026-07-13,64.75869751,48.4504884885996,1.47205761945073,65.2,72.8408245988921,NA,18.936,1152944,Middle East & North Africa,Djibouti,43.1425,11.5806,Lower middle income,IDA
Dominica,DM,DMA,2023,,2026-07-13,81.33650208,NA,NA,100,73.1105011438027,102.585807800293,NA,66510,Latin America & Caribbean,Roseau,-61.39,15.2976,Upper middle income,Blend
Dominican Republic,DO,DOM,2023,,2026-07-13,86.12689972,91.8676246650308,11.1345555858062,99.6,72.3577991823338,75.4805556926418,52.482,11331265,Latin America & Caribbean,Santo Domingo,-69.8908,18.479,Upper middle income,IBRD
Early-demographic dividend,V2,EAR,2023,,2026-07-13,NA,NA,NA,95.7044381043822,47.0167430983708,76.8434066772461,36.7409246203878,3511607650,Aggregates,,,,Aggregates,Aggregates
East Asia & Pacific,Z4,EAS,2023,,2026-07-13,84.9,130.9,33.13,98.4044624957692,64.0244370902805,91.9760818481445,58.6880975430552,2384441485,Aggregates,,,,Aggregates,Aggregates
East Asia & Pacific (excluding high income),4E,EAP,2023,,2026-07-13,84.2,126.9,32.48,98.2376383007189,61.2276463501262,90.9574508666992,59.0423926545231,2137527754,Aggregates,,,,Aggregates,Aggregates
East Asia & Pacific (IDA & IBRD countries),T4,TEA,2023,,2026-07-13,85,128.1,32.88,98.7474424069608,61.1991011324118,90.9201583862305,58.802254080471,2111139152,Aggregates,,,,Aggregates,Aggregates
Ecuador,EC,ECU,2023,,2026-07-13,72.6943146,101.031752745524,16.0678902316524,98.7,63.1307729554263,92.8118025876465,52.521,17980083,Latin America & Caribbean,Quito,-78.5243,-0.229498,Upper middle income,IBRD
"Egypt, Arab Rep.",EG,EGY,2023,,2026-07-13,74.01190186,92.8261626420085,10.8642477216638,100,42.7098115041919,84.474862198776,18.478,114535772,Middle East & North Africa,Cairo,31.2461,30.0982,Lower middle income,IBRD
El Salvador,SV,SLV,2023,,2026-07-13,62.61989975,179.705636976149,11.6271746145254,98.3,74.6080675149903,65.5709865566541,48.521,6309624,Latin America & Caribbean,San Salvador,-89.2073,13.7034,Upper middle income,IBRD
Equatorial Guinea,GQ,GNQ,2023,,2026-07-13,63.51950073,NA,NA,66.9,71.1290664883517,NA,53.265,1847549,Sub-Saharan Africa,Malabo,8.7741,3.7523,Upper middle income,IBRD
Eritrea,ER,ERI,2023,,2026-07-13,NA,NA,NA,54.4,34.696403503418,NA,72.862,3470390,Sub-Saharan Africa,Asmara,38.9183,15.3315,Low income,IDA
Estonia,EE,EST,2023,,2026-07-13,93.18342241,150.195729068839,35.2539796781149,100,70.6770085523126,108.442070007324,61.049,1370286,Europe & Central Asia,Tallinn,24.7586,59.4392,High income,Not classified
Eswatini,SZ,SWZ,2023,,2026-07-13,61.33330154,128.399211381334,2.76365982774566,86.4,25.8081878500755,NA,48.24,1230506,Sub-Saharan Africa,Mbabane,31.4659,-26.5225,Lower middle income,Blend
Ethiopia,ET,ETH,2023,,2026-07-13,20.33749962,59.8748744402242,0.534823180349513,55.4,23.0586471557617,NA,58.141,128691692,Sub-Saharan Africa,Addis Ababa,38.7468,9.02274,Low income,IDA
Euro area,XC,EMU,2023,,2026-07-13,NA,NA,NA,100,77.211826995621,107.966979980469,51.9761997785203,356209318,Aggregates,,,,Aggregates,Aggregates
Europe & Central Asia,Z7,ECS,2023,,2026-07-13,89.6,130.2,32.56,100,73.843585823465,102.803550720215,51.3617156568813,924805070,Aggregates,,,,Aggregates,Aggregates
Europe & Central Asia (excluding high income),7E,ECA,2023,,2026-07-13,84.6,113.2,21.79,100,68.1622524490527,99.7431793212891,43.6480027790685,248718948,Aggregates,,,,Aggregates,Aggregates
Europe & Central Asia (IDA & IBRD countries),T7,TEC,2023,,2026-07-13,87.3,136.8,24.09,100,68.9599808529652,97.7369766235352,48.8725972520941,458599775,Aggregates,,,,Aggregates,Aggregates
European Union,EU,EUU,2023,,2026-07-13,NA,NA,NA,100,74.8943502719612,106.954109191895,51.9690117680907,448897545,Aggregates,,,,Aggregates,Aggregates
Faroe Islands,FO,FRO,2023,,2026-07-13,NA,NA,NA,100,39.1975270123645,NA,NA,54398,Europe & Central Asia,Torshavn,-6.91181,61.8926,High income,Not classified
Fiji,FJ,FJI,2023,,2026-07-13,74.1160965,361.048644963723,1.82947481185312,99.3,58.6069049738768,98.540177642079,38.419,924145,East Asia & Pacific,Suva,178.399,-18.1149,Upper middle income,Blend
Finland,FI,FIN,2023,,2026-07-13,93.51385075,127.47302579722,35.3318092510781,100,74.0062548602828,142.861724853516,57.489,5583911,Europe & Central Asia,Helsinki,24.9525,60.1608,High income,Not classified
France,FR,FRA,2023,,2026-07-13,86.83635789,116.687800394775,48.6688340139444,100,78.7804323126547,103.962417602539,52.108,68372286,Europe & Central Asia,Paris,2.35097,48.8566,High income,Not classified
French Polynesia,PF,PYF,2023,,2026-07-13,NA,118.777524029055,35.5533975056738,100,61.6967135028569,NA,47.404,281118,East Asia & Pacific,Papeete,-149.57,-17.535,High income,Not classified
Gabon,GA,GAB,2023,,2026-07-13,68.19789886,122.606627765979,3.97293291301595,94.1,91.6375962797313,NA,41.876,2484789,Sub-Saharan Africa,Libreville,9.45162,0.38832,Upper middle income,IBRD
"Gambia, The",GM,GMB,2023,,2026-07-13,48.72829819,117.115660832998,0.502141524068284,66.9,63.8020182456108,NA,45.242,2697845,Sub-Saharan Africa,Banjul,-16.5885,13.4495,Low income,IDA
Georgia,GE,GEO,2023,,2026-07-13,81.88425624,155.249965068869,29.3086367614167,100,60.7523077799724,103.183588288651,56.251,3715483,Europe & Central Asia,Tbilisi,44.793,41.71,Upper middle income,IBRD
Germany,DE,DEU,2023,,2026-07-13,92.4763763,124.662572774586,45.380522509099,100,81.9034366692129,100.603057861328,55.821,83287273,Europe & Central Asia,Berlin,13.4115,52.5235,High income,Not classified
Ghana,GH,GHA,2023,,2026-07-13,70.67430115,98.8059221412722,0.555476730525596,89.5,57.8074737774654,NA,55.53,33787914,Sub-Saharan Africa,Accra,-0.20795,5.57045,Lower middle income,IDA
Gibraltar,GI,GIB,2023,,2026-07-13,NA,NA,NA,100,100,74.349556167738,NA,38471,Europe & Central Asia,,,,High income,Not classified
Greece,GR,GRC,2023,,2026-07-13,85.0102229,110.79216956747,43.8539621755853,100,78.7746303842088,105.191741943359,44.646,10407351,Europe & Central Asia,Athens,23.7166,37.9792,High income,Not classified
Greenland,GL,GRL,2023,,2026-07-13,NA,NA,NA,100,88.0631147749908,NA,NA,56865,Europe & Central Asia,Nuuk,-51.7214,64.1836,High income,Not classified
Grenada,GD,GRD,2023,,2026-07-13,69.4131012,NA,NA,94.4,36.462128238584,NA,NA,117081,Latin America & Caribbean,Saint George's,-61.7449,12.0653,Upper middle income,Blend
Guam,GU,GUM,2023,,2026-07-13,NA,NA,NA,100,94.1349341638921,NA,56.391,166506,East Asia & Pacific,Agana,144.794,13.4443,High income,Not classified
Guatemala,GT,GTM,2023,,2026-07-13,56.72669983,113.709374947241,5.08082886037381,100,55.6082319565539,47.3762534803949,38.14,18124838,Latin America & Caribbean,Guatemala City,-90.5328,14.6248,Upper middle income,IBRD
Guinea,GN,GIN,2023,,2026-07-13,32.31560135,97.8794996455513,NA,51.1,37.6454083954705,NA,42.739,14405468,Sub-Saharan Africa,Conakry,-13.7,9.51667,Lower middle income,IDA
Guinea-Bissau,GW,GNB,2023,,2026-07-13,28.71240044,128.110529740092,0.310448099439986,40.5,45.5923843383789,NA,60.084,2153339,Sub-Saharan Africa,Bissau,-15.1804,11.8037,Low income,IDA
Guyana,GY,GUY,2023,,2026-07-13,79.3553009,NA,NA,98.9,26.4651457279878,84.4850463867188,46.479,826353,Latin America & Caribbean,Georgetown,-58.1548,6.80461,High income,IDA
Haiti,HT,HTI,2023,,2026-07-13,47.99269867,NA,NA,51.3,54.4496819335618,NA,59.351,11637398,Latin America & Caribbean,Port-au-Prince,-72.3288,18.5392,Lower middle income,IDA
Heavily indebted poor countries (HIPC),XE,HPC,2023,,2026-07-13,NA,NA,NA,50.5208896795623,37.3827611102379,42.0036888122559,59.4738470280456,916223767,Aggregates,,,,Aggregates,Aggregates
High income,XD,,2023,,2026-07-13,91.9,135.8,36.95,99.9883997819596,80.017512944144,103.099243164062,54.4532936528781,1408138595,NA,NA,NA,NA,NA,NA
Honduras,HN,HND,2023,,2026-07-13,58.0685997,74.4148227156961,4.36212775547539,95.6,58.3132392705102,54.5012702941895,39.364,10644851,Latin America & Caribbean,Tegucigalpa,-87.4667,15.1333,Lower middle income,IDA
"Hong Kong SAR, China",HK,HKG,2023,,2026-07-13,95.97781908,319.493898344345,39.8839727444243,100,100,NA,52.27,7536100,East Asia & Pacific,,114.109,22.3964,High income,Not classified
Hungary,HU,HUN,2023,,2026-07-13,91.4500713,105.054424922699,36.7901885342462,100,70.2923026891431,105.419059753418,53.995,9592186,Europe & Central Asia,Budapest,19.0408,47.4984,High income,Not classified
IBRD only,XF,IBD,2023,,2026-07-13,77.3,113.9,20.1,99.0885815861564,58.0307469598053,88.1284332275391,46.73723445762,4952209753,Aggregates,,,,Aggregates,Aggregates
Iceland,IS,ISL,2023,,2026-07-13,97.94860077,121.475495280706,37.4245919320463,100,94.1518261784801,108.911361694336,70.368,385663,Europe & Central Asia,Reykjavik,-21.8952,64.1353,High income,Not classified
IDA & IBRD total,ZT,IBT,2023,,2026-07-13,65.5,106.7,15.18,90.3195251994939,53.0823484348401,74.1094665527344,47.786063211994,6857438587,Aggregates,,,,Aggregates,Aggregates
IDA blend,XH,IDB,2023,,2026-07-13,38.3,95.3,2.62,77.9201343756954,48.1773673159897,49.7783699035645,51.8784848291345,664395892,Aggregates,,,,Aggregates,Aggregates
IDA only,XI,IDX,2023,,2026-07-13,32.5,84.1,2.2,61.9225640121999,35.9594486372929,49.1937789916992,50.8926057987086,1240832942,Aggregates,,,,Aggregates,Aggregates
IDA total,XG,IDA,2023,,2026-07-13,34.5,88,2.35,67.5062058598898,40.2201100518451,49.1449699401855,51.2373199342797,1905228834,Aggregates,,,,Aggregates,Aggregates
India,IN,IND,2023,,2026-07-13,60.25230026,80.5631998772888,2.74534696441771,99.5,35.0676918424186,78.8639591218839,30.984,1438069596,South Asia,New Delhi,77.225,28.6353,Lower middle income,IBRD
Indonesia,ID,IDN,2023,,2026-07-13,69.20836554,125.238194847046,4.81663955789733,99.4,58.1179353397878,96.0002120295081,53.487,281190067,East Asia & Pacific,Jakarta,106.83,-6.19752,Upper middle income,IBRD
"Iran, Islamic Rep.",IR,IRN,2023,,2026-07-13,83.71050262,166.279821209677,12.0205942239083,100,76.6759567260742,85.1469802856445,14.128,90608707,Middle East & North Africa,Tehran,51.4447,35.6878,Upper middle income,IBRD
Iraq,IQ,IRQ,2023,,2026-07-13,81.80889893,101.388721479182,17.2312565041583,100,69.868278503418,NA,10.913,45074049,Middle East & North Africa,Baghdad,44.394,33.3302,Upper middle income,IBRD
Ireland,IE,IRL,2023,,2026-07-13,96.8660965,110.798344311602,31.8907830651788,100,64.1152082461268,NA,60.155,5311538,Europe & Central Asia,Dublin,-6.26749,53.3441,High income,Not classified
Isle of Man,IM,IMN,2023,,2026-07-13,NA,NA,NA,100,52.1832571730182,NA,NA,84165,Europe & Central Asia,Douglas,-4.47928,54.1509,High income,Not classified
Israel,IL,ISR,2023,,2026-07-13,87.03842615,153.336641345572,29.4357235504327,100,91.5089569794505,99.3012008666992,61.338,9849000,Middle East & North Africa,,35.2035,31.7717,High income,Not classified
Italy,IT,ITA,2023,,2026-07-13,87.0278292,131.871674517747,31.8410876819321,100,69.5381540123301,100.678756713867,41.312,58984216,Europe & Central Asia,Rome,12.4823,41.8955,High income,Not classified
Jamaica,JM,JAM,2023,,2026-07-13,89.47304282,115.092228780619,15.7852035329423,97.7,58.4510149367429,85.4353132628153,63.047,2839786,Latin America & Caribbean,Kingston,-76.792,17.9927,Upper middle income,IBRD
Japan,JP,JPN,2023,,2026-07-13,85.00990295,178.432441299977,38.6312383711286,100,92.0826903891473,101.537071228027,54.847,124516650,East Asia & Pacific,Tokyo,139.77,35.67,High income,Not classified
Jordan,JO,JOR,2023,,2026-07-13,92.53443944,67.545678186078,7.03749462484875,100,92.682236868336,91.9696843781763,15.933,11439213,Middle East & North Africa,Amman,35.9263,31.9497,Lower middle income,IBRD
Kazakhstan,KZ,KAZ,2023,,2026-07-13,92.87846096,127.114775212168,14.3457210056574,100,61.7560919499181,95.2393054334066,65.029,20330104,Europe & Central Asia,Astana,71.4382,51.1879,Upper middle income,IBRD
Kenya,KE,KEN,2023,,2026-07-13,32.07040024,120.612416887959,2.38882511128724,76.2,31.6330340816429,84.3083880306996,62.946,55339003,Sub-Saharan Africa,Nairobi,36.8126,-1.27975,Lower middle income,Blend
Kiribati,KI,KIR,2023,,2026-07-13,88,51.2540556855052,0.039990945446314,95.9,61.5244676194408,94.7441990494828,NA,132530,East Asia & Pacific,Tarawa,172.979,1.32905,Lower middle income,IDA
"Korea, Dem. People's Rep.",KP,PRK,2023,,2026-07-13,NA,NA,NA,57.5,63.5382165423021,NA,77.724,26418204,East Asia & Pacific,Pyongyang,125.754,39.0319,Low income,Not classified
"Korea, Rep.",KR,KOR,2023,,2026-07-13,97.41597478,162.11365652794,46.5676352036327,100,81.1645551720421,96.2983932495117,56.038,51712619,East Asia & Pacific,Seoul,126.957,37.5323,High income,Not classified
Kosovo,XK,XKX,2023,,2026-07-13,NA,NA,NA,NA,49.1105579101515,NA,NA,1682668,Europe & Central Asia,Pristina,20.926,42.565,Upper middle income,IDA
Kuwait,KW,KWT,2023,,2026-07-13,99.74731125,167.68428501222,1.01366418243269,100,100,NA,48.179,4853420,Middle East & North Africa,Kuwait City,47.9824,29.3721,High income,Not classified
Kyrgyz Republic,KG,KGZ,2023,,2026-07-13,91.04440308,108.59118718329,6.44652532064676,100,34.706439175362,91.2655243671618,43.495,7099750,Europe & Central Asia,Bishkek,74.6057,42.8851,Lower middle income,IDA
Lao PDR,LA,LAO,2023,,2026-07-13,64.39800262,64.7588066942788,2.72021122524182,96.5,38.8070088517156,54.4330611689851,61.407,7664993,East Asia & Pacific,Vientiane,102.177,18.5826,Lower middle income,IDA
Late-demographic dividend,V3,LTE,2023,,2026-07-13,NA,NA,NA,99.4570958130029,66.9097159245761,93.8114471435547,57.7811035745341,2326294294,Aggregates,,,,Aggregates,Aggregates
Latin America & Caribbean,ZJ,LCN,2023,,2026-07-13,80,112.6,18.32,98.4226177308055,81.0435031875464,97.5462493896484,51.2405561157355,657616519,NA,NA,NA,NA,NA,NA
Latin America & Caribbean (excluding high income),XJ,LAC,2023,,2026-07-13,79.7,113,18.35,98.348001499771,80.9255861415046,97.3537902832031,51.3186581316498,618190397,Aggregates,,,,Aggregates,Aggregates
Latin America & the Caribbean (IDA & IBRD countries),T2,TLA,2023,,2026-07-13,80.2,113.2,18.55,98.3852491204833,81.0398075940594,97.5160369873047,51.5049005114493,642397939,Aggregates,,,,Aggregates,Aggregates
Latvia,LV,LVA,2023,,2026-07-13,92.18791291,119.909944560018,25.9948491178264,100,68.358631634306093,102.126243591309,55.436,1883710,Europe & Central Asia,Riga,24.1048,56.9465,High income,Not classified
Least developed countries: UN classification,XL,LDC,2023,,2026-07-13,29.9,82.2,1.9,58.4334317805897,35.6888977222996,46.8281211853027,53.3432748285886,1159744187,Aggregates,,,,Aggregates,Aggregates
Lebanon,LB,LBN,2023,,2026-07-13,81.7059021,NA,NA,100,90.4524074197598,62.8279212477627,22.234,5773493,Middle East & North Africa,Beirut,35.5134,33.8872,Lower middle income,IBRD
Lesotho,LS,LSO,2023,,2026-07-13,48.98590088,69.3513051423509,0.383738154734299,57.3,42.6781596804785,NA,48.426,2311472,Sub-Saharan Africa,Maseru,27.7167,-29.5208,Lower middle income,IDA
Liberia,LR,LBR,2023,,2026-07-13,31.22410011,NA,NA,32.5,54.997863482224,NA,71.966,5493031,Sub-Saharan Africa,Monrovia,-10.7957,6.30039,Low income,IDA
Libya,LY,LBY,2023,,2026-07-13,82.10469818,NA,NA,73.2,87.8647197919848,NA,33.465,7305659,Middle East & North Africa,Tripoli,13.1072,32.8578,Upper middle income,IBRD
Liechtenstein,LI,LIE,2023,,2026-07-13,98.13230133,127.059447446841,49.4065356836204,100,14.6783761234077,NA,NA,39846,Europe & Central Asia,Vaduz,9.52148,47.1411,High income,Not classified
Lithuania,LT,LTU,2023,,2026-07-13,88.50287484,137.203719983084,27.9638162516437,100,68.575454583199,105.428817749023,57.914,2871585,Europe & Central Asia,Vilnius,25.2799,54.6896,High income,Not classified
Low & middle income,XO,LMY,2023,,2026-07-13,NA,NA,NA,89.8583124845854,52.5071871488085,73.8575210571289,47.6697378202199,6654784822,Aggregates,,,,Aggregates,Aggregates
Low income,XM,,2023,,2026-07-13,22,65.2,0.5,46.8863791540125,34.2895467257933,41.2906608581543,55.1080896144389,727162058,NA,NA,NA,NA,NA,NA
Lower middle income,XN,,2023,,2026-07-13,55.4,92.8,4.23,90.5927216759463,41.2024823337283,68.3673324584961,38.4701446587904,2869695351,NA,NA,NA,NA,NA,NA
Luxembourg,LU,LUX,2023,,2026-07-13,99.34785707,144.474949556306,38.3793065082138,100,94.8015300320787,107.744010925293,57.196,666430,Europe & Central Asia,Luxembourg,6.1296,49.61,High income,Not classified
"Macao SAR, China",MO,MAC,2023,,2026-07-13,89.82640076,192.478344669931,29.6759264447159,100,100,92.5810397553517,62.631,678800,East Asia & Pacific,,113.55,22.1667,High income,Not classified
Madagascar,MG,MDG,2023,,2026-07-13,18.24080086,75.4562966735535,0.124487385085979,39.4,31.9799438860946,NA,82.866,31195932,Sub-Saharan Africa,Antananarivo,45.7167,-20.4667,Low income,IDA
Malawi,MW,MWI,2023,,2026-07-13,17.98810346,61.0866071008045,0.079556560544817,15.6,16.9748746665356,36.644092994481,58.644,21104482,Sub-Saharan Africa,Lilongwe,33.7703,-13.9899,Low income,IDA
Malaysia,MY,MYS,2023,,2026-07-13,97.69272633,142.7320920639,13.0287000355119,100,76.4434752105739,79.4472788704033,51.592,35126298,East Asia & Pacific,Kuala Lumpur,101.684,3.12433,Upper middle income,IBRD
Maldives,MV,MDV,2023,,2026-07-13,84.552902220000007,141.601234995076,18.6292999539919,100,41.5096832933973,79.3565296847573,40.311,525994,South Asia,Male,73.5109,4.1742,Upper middle income,IDA
Mali,ML,MLI,2023,,2026-07-13,36.03879929,NA,NA,54.5,31.0031889023235,38.9389470920545,53.06,23769127,Sub-Saharan Africa,Bamako,-7.50034,13.5667,Low income,IDA
Malta,MT,MLT,2023,,2026-07-13,92.07266941,140.59359496844,44.282454836797,100,95.6272277147965,103.027229309082,55.525,552747,Middle East & North Africa,Valletta,14.5189,35.9042,High income,Not classified
Marshall Islands,MH,MHL,2023,,2026-07-13,64.07589722,NA,NA,100,78.3593928884282,89.551989301237,NA,38827,East Asia & Pacific,Majuro,171.135,7.11046,Upper middle income,IDA
Mauritania,MR,MRT,2023,,2026-07-13,44.95629883,90.7724948884417,0.59041012129361,50.3,59.7142464747058,NA,26.198,5022441,Sub-Saharan Africa,Nouakchott,-15.9824,18.2367,Lower middle income,IDA
Mauritius,MU,MUS,2023,,2026-07-13,79.5,165.257524411348,26.9082309192612,100,39.0039901092226,NA,47.644,1248647,Sub-Saharan Africa,Port Louis,57.4977,-20.1605,Upper middle income,IBRD
Mexico,MX,MEX,2023,,2026-07-13,81.18318755,111.735420288549,20.752917384408,99.7,79.4734935748046,102.055458068848,47.317,129739759,Latin America & Caribbean,Mexico City,-99.1276,19.427,Upper middle income,IBRD
"Micronesia, Fed. Sts.",FM,FSM,2023,,2026-07-13,39.39889908,NA,NA,86.9,22.4334012451903,NA,NA,112630,East Asia & Pacific,Palikir,158.185,6.91771,Lower middle income,IDA
"Middle East, North Africa, Afghanistan & Pakistan",ZQ,MEA,2023,,2026-07-13,59.5,102.4,8.94,96.4226367435274,55.4304551226559,64.1539916992188,19.7801593904483,797801454,NA,NA,NA,NA,NA,NA
"Middle East, North Africa, Afghanistan & Pakistan (excluding high income)",XQ,MNA,2023,,2026-07-13,55.9,96.9,6.67,96.0854287468734,52.4233912654293,NA,17.7826678754986,729077445,NA,NA,NA,NA,NA,NA
"Middle East, North Africa, Afghanistan & Pakistan (IDA & IBRD)",T3,TMN,2023,,2026-07-13,55.7,97,6.66,96.0574946837091,52.1776709218643,NA,17.7826678754986,723911670,NA,NA,NA,NA,NA,NA
Middle income,XP,MIC,2023,,2026-07-13,NA,NA,NA,95.1313255374831,54.7420083291234,79.09912109375,46.9885808585078,5927622764,Aggregates,,,,Aggregates,Aggregates
Moldova,MD,MDA,2023,,2026-07-13,76.50330353,129.546081439289,27.3086365814931,100,43.0011825561523,97.8896863952854,70.064,2457783,Europe & Central Asia,Chisinau,28.8497,47.0167,Upper middle income,IBRD
Monaco,MC,MCO,2023,,2026-07-13,98.87049866,104.060991888284,55.8835609405483,100,100,NA,NA,38956,Europe & Central Asia,Monaco,7.41891,43.7325,High income,Not classified
Mongolia,MN,MNG,2023,,2026-07-13,83.74320221,141.08481753135,14.5529107220073,100,70.4464492797852,96.8181201904352,52.467,3481145,East Asia & Pacific,Ulaanbaatar,106.937,47.9129,Upper middle income,IBRD
Montenegro,ME,MNE,2023,,2026-07-13,88.5515976,207.237922064803,32.0155251660479,100,65.4731667624849,93.8724975585938,51.777,623529,Europe & Central Asia,Podgorica,19.2595,42.4602,Upper middle income,IBRD
Morocco,MA,MAR,2023,,2026-07-13,91,148.155101338402,7.02184328513844,100,62.673750838878,87.7346312462207,19.671,37712505,Middle East & North Africa,Rabat,-6.8704,33.9905,Lower middle income,IBRD
Mozambique,MZ,MOZ,2023,,2026-07-13,19.94560051,47.5003032540948,0.149001818335337,36,35.7149783148407,NA,77.269,33635160,Sub-Saharan Africa,Maputo,32.5713,-25.9664,Low income,IDA
Myanmar,MM,MMR,2023,,2026-07-13,NA,121.027626770248,2.79829802446154,76.8,30.3820718069466,NA,41.051,54133798,East Asia & Pacific,Naypyidaw,95.9562,21.914,Lower middle income,IDA
Namibia,NA,NAM,2023,,2026-07-13,63.69549942,87.6760954339972,3.52006938690795,56.7,49.9545837830821,81.6173009252032,54.828,2963095,Sub-Saharan Africa,Windhoek,17.0931,-22.5648,Upper middle income,IBRD
Naoero,NR,NRU,2023,,2026-07-13,83.03970337,NA,NA,100,100,90.1002502441406,NA,11875,NA,NA,NA,NA,NA,NA
Nepal,NP,NPL,2023,,2026-07-13,45.80680084,117.759577544938,10.6751345547041,94,66.5432933453944,89.8898815141438,27.302,29694614,South Asia,Kathmandu,85.3157,27.6939,Lower middle income,IDA
Netherlands,NL,NLD,2023,,2026-07-13,97.00680272,125.272736960305,43.2644444744139,100,95.3221682092129,137.514724731445,63.079,17877117,Europe & Central Asia,Amsterdam,4.89095,52.3738,High income,Not classified
New Caledonia,NC,NCL,2023,,2026-07-13,NA,NA,NA,100,67.751522311337,NA,52.221,289870,East Asia & Pacific,Noum'ea,166.464,-22.2677,High income,Not classified
New Zealand,NZ,NZL,2023,,2026-07-13,93.32610321,126.854978584281,37.8530848455277,100,83.8898991461229,113.395988464355,66.922,5200000,East Asia & Pacific,Wellington,174.776,-41.2865,High income,Not classified
Nicaragua,NI,NIC,2023,,2026-07-13,60.30120087,105.843136180202,5.43030503048751,88.3,59.1250953674316,70.1749572753906,50.728,6823613,Latin America & Caribbean,Managua,-86.2734,12.1475,Lower middle income,IDA
Niger,NE,NER,2023,,2026-07-13,12.98079967,65.735032215569,0.107619048674827,20.1,17.7506873295237,21.5605140503495,72.501,26159867,Sub-Saharan Africa,Niamey,2.1073,13.514,Low income,IDA
Nigeria,NG,NGA,2023,,2026-07-13,40.06399918,98.4772822731425,0.051283785190682,61.2,62.1746763155343,46.8931503295898,80.693,227882945,Sub-Saharan Africa,Abuja,7.48906,9.05804,Lower middle income,Blend
North America,XU,NAC,2023,,2026-07-13,93.3,110.5,38.55,100,80.3357102611225,97.7877426147461,57.1012024397245,376868838,Aggregates,,,,Aggregates,Aggregates
North Macedonia,MK,MKD,2023,,2026-07-13,88.5,106.458776658176,29.1771708951077,100,62.2518322545779,90.0724868774414,42.158,1827816,Europe & Central Asia,Skopje,21.4361,42.0024,Upper middle income,IBRD
Northern Mariana Islands,MP,MNP,2023,,2026-07-13,NA,NA,NA,100,91.9754112887573,NA,NA,45143,East Asia & Pacific,Saipan,145.765,15.1935,High income,Not classified
Norway,NO,NOR,2023,,2026-07-13,99.00000258,109.654228618195,45.4377082628592,100,83.0718560702166,117.775093078613,62.371,5519601,Europe & Central Asia,Oslo,10.7387,59.9138,High income,Not classified
Not classified,XY,,2023,,2026-07-13,NA,NA,NA,NA,NA,NA,NA,NA,NA,NA,NA,NA,NA,NA
OECD members,OE,OED,2023,,2026-07-13,NA,NA,NA,99.922945762566,81.0543158861621,105.286712646484,53.245552945382,1387846131,Aggregates,,,,Aggregates,Aggregates
Oman,OM,OMN,2023,,2026-07-13,95.25170135,122.291457994634,10.8793321668994,100,79.5702973228932,NA,30.321,5049269,Middle East & North Africa,Muscat,58.5874,23.6105,High income,Not classified
Other small states,S4,OSS,2023,,2026-07-13,NA,NA,NA,94.4954692175265,54.7413384725346,NA,51.5329567666623,12822134,Aggregates,,,,Aggregates,Aggregates
Pacific island small states,S2,PSS,2023,,2026-07-13,NA,NA,NA,88.8705713618501,40.2526358335376,84.1793899536133,53.5905746382427,2689224,Aggregates,,,,Aggregates,Aggregates
Pakistan,PK,PAK,2023,,2026-07-13,NA,76.5397606213172,1.35622425766449,95.6,38.8191861872791,42.2911451386891,23.997,247504495,South Asia,Islamabad,72.8,30.5167,Lower middle income,Blend
Palau,PW,PLW,2023,,2026-07-13,82.91629791,135.386698256896,7.33344615558188,100,79.1531991438847,97.286012526096,NA,17727,East Asia & Pacific,Koror,134.479,7.34194,High income,IBRD
Panama,PA,PAN,2023,,2026-07-13,68.54851592,156.586507591014,18.1341265585334,97,65.8601271176084,NA,52.694,4458759,Latin America & Caribbean,Panama City,-79.5188,8.99427,High income,IBRD
Papua New Guinea,PG,PNG,2023,,2026-07-13,18.56130028,34.0588961979896,0.228111959659795,20.5,15.0581017891206,52.0929750873194,50.644,10389635,East Asia & Pacific,Port Moresby,147.194,-9.47357,Lower middle income,Blend
Paraguay,PY,PRY,2023,,2026-07-13,78.09481878,126.605481531224,12.8835504093571,99.8,69.3466081733694,79.7518585422984,58.994,6844146,Latin America & Caribbean,Asuncion,-57.6362,-25.3005,Upper middle income,IBRD
Peru,PE,PER,2023,,2026-07-13,79.48484477,121.975084691173,10.4364266723222,96.2,84.7810255849745,111.395393371582,65.083,33845617,Latin America & Caribbean,Lima,-77.0465,-12.0931,Upper middle income,IBRD
Philippines,PH,PHL,2023,,2026-07-13,77.86699677,117.275521687262,6.5393085505183,98,55.1242716168851,91.5493424610693,50.445,114891199,East Asia & Pacific,Manila,121.035,14.5515,Lower middle income,IBRD
Poland,PL,POL,2023,,2026-07-13,86.414744,135.146301442691,24.526154479274,100,59.8859561370214,108.386131286621,52.209,36687353,Europe & Central Asia,Warsaw,21.02,52.26,High income,IBRD
Portugal,PT,PRT,2023,,2026-07-13,85.79012676,123.001507659381,44.1107426914567,100,61.2048652633664,120.347076416016,54.719,10578174,Europe & Central Asia,Lisbon,-9.13552,38.7072,High income,Not classified
Post-demographic dividend,V4,PST,2023,,2026-07-13,NA,NA,NA,100,81.0611822262698,103.410873413086,55.0748442664375,1121263972,Aggregates,,,,Aggregates,Aggregates
Pre-demographic dividend,V1,PRE,2023,,2026-07-13,NA,NA,NA,52.5242986079524,44.944973511523,44.6065711975098,63.1153646920957,1077143557,Aggregates,,,,Aggregates,Aggregates
Puerto Rico (US),PR,PRI,2023,,2026-07-13,NA,124.513459651582,23.1595519217476,100,94.1774359275881,110.409713745117,36.29,3203794,NA,NA,NA,NA,NA,NA
Qatar,QA,QAT,2023,,2026-07-13,98.15229797,157.82063065065,11.641102863231,100,99.2835325193835,100.136596679688,63.308,2656032,Middle East & North Africa,Doha,51.5082,25.2948,High income,Not classified
Romania,RO,ROU,2023,,2026-07-13,89.20335498,123.252482585042,34.6706189336505,100,52.1645747011867,81.6316070556641,42.172,19061062,Europe & Central Asia,Bucharest,26.0979,44.4479,High income,IBRD
Russian Federation,RU,RUS,2023,,2026-07-13,92.24496346,180.841776534047,25.8238695549039,100,74.9805047873279,92.4840470838527,55.363,143826130,Europe & Central Asia,Moscow,37.6176,55.7558,High income,IBRD
Rwanda,RW,RWA,2023,,2026-07-13,28.80579948,91.4622704078141,0.445556123195211,63.9,28.8555310645477,45.1251505756161,58.044,13954471,Sub-Saharan Africa,Kigali,30.0587,-1.95325,Low income,IDA
Samoa,WS,WSM,2023,,2026-07-13,NA,NA,NA,100,17.5012799804602,NA,31.158,216663,East Asia & Pacific,Apia,-171.752,-13.8314,Lower middle income,IDA
San Marino,SM,SMR,2023,,2026-07-13,97.33640289,NA,NA,100,97.1317310361655,60.7940446650124,NA,33860,Europe & Central Asia,San Marino,12.4486,43.9322,High income,Not classified
Sao Tome and Principe,ST,STP,2023,,2026-07-13,58.70130157,63.4540500972405,2.50139688397417,81.3,68.6043921103568,NA,22.874,230871,Sub-Saharan Africa,Sao Tome,6.6071,0.20618,Lower middle income,IDA
Saudi Arabia,SA,SAU,2023,,2026-07-13,100,157.775388696083,43.5732045642216,100,84.2962388315415,NA,34.278,33702731,Middle East & North Africa,Riyadh,46.6977,24.6748,High income,Not classified
Senegal,SN,SEN,2023,,2026-07-13,59.18740082,123.911572643075,1.97393200956788,74.2,54.6992276190794,44.0673682244069,37.767,18077573,Sub-Saharan Africa,Dakar,-17.4734,14.7247,Lower middle income,IDA
Serbia,RS,SRB,2023,,2026-07-13,85.35746686,128.471147595832,31.2695286708104,100,62.1434649229738,NA,51.414,6623183,Europe & Central Asia,Belgrade,20.4656,44.8024,Upper middle income,IBRD
Seychelles,SC,SYC,2023,,2026-07-13,86.001297,129.24400747161,30.7719361318005,100,45.0971081321658,74.2514404458298,NA,119773,Sub-Saharan Africa,Victoria,55.4466,-4.6309,High income,IBRD
Sierra Leone,SL,SLE,2023,,2026-07-13,23.71360016,NA,NA,35.5,44.809324991151,86.9079513549805,51.774,8460512,Sub-Saharan Africa,Freetown,-13.2134,8.4821,Low income,IDA
Singapore,SG,SGP,2023,,2026-07-13,94.28518987,173.199932977376,27.4343636046425,100,100,103.082801906213,63.299,5917648,East Asia & Pacific,Singapore,103.85,1.28941,High income,Not classified
Sint Maarten (Dutch part),SX,SXM,2023,,2026-07-13,NA,NA,NA,100,100,NA,NA,42749,Latin America & Caribbean,Philipsburg,,,High income,Not classified
Slovak Republic,SK,SVK,2023,,2026-07-13,87.2131343,138.232946210214,33.17259432898,100,53.190805019646,92.6436767578125,55.698,5426740,Europe & Central Asia,Bratislava,17.1073,48.1484,High income,Not classified
Slovenia,SI,SVN,2023,,2026-07-13,90.37794678,129.227963043737,31.8814801387465,100,55.5378927789875,107.626876831055,52.986,2120461,Europe & Central Asia,Ljubljana,14.5044,46.0546,High income,Not classified
Small states,S1,SST,2023,,2026-07-13,71.7,131,16.13,94.7947483488559,51.7493987022104,76.1052169799805,51.8144816145897,20031262,Aggregates,,,,Aggregates,Aggregates
Solomon Islands,SB,SLB,2023,,2026-07-13,28.67239952,NA,NA,81.3,30.0088821088389,NA,82.327,800005,East Asia & Pacific,Honiara,159.949,-9.42676,Lower middle income,IDA
"Somalia, Fed. Rep.",SO,SOM,2023,,2026-07-13,26.12010002,53.9579646939598,0.722963033976147,50.3,54.0714435506882,3.34785008430481,20.707,18358615,NA,NA,NA,NA,NA,NA
South Africa,ZA,ZAF,2023,,2026-07-13,78.33670044,171.508619260428,3.4056617766544,87.7,63.5823705163545,104.133480684239,49.052,63212384,Sub-Saharan Africa,Pretoria,28.1871,-25.746,Upper middle income,IBRD
South Asia,8S,SAS,2023,,2026-07-13,58.3,85.3,3.5,99.4087889697405,35.137165500664,77.9340286254883,32.0489509421954,1662580579,Aggregates,,,,Aggregates,Aggregates
South Asia (IDA & IBRD),T5,TSA,2023,,2026-07-13,58.3,85.3,3.5,99.4087889697405,35.137165500664,77.9340286254883,32.0489509421954,1662580579,Aggregates,,,,Aggregates,Aggregates
South Sudan,SS,SSD,2023,,2026-07-13,NA,46.6152369503945,0.00174164840403178,5.4,21.0737755279692,NA,70.393,11483374,Sub-Saharan Africa,Juba,31.6,4.85,Low income,IDA
Spain,ES,ESP,2023,,2026-07-13,95.44564516,127.715490236713,37.2148181549182,100,80.128491001856,118.361709594727,52.773,48352528,Europe & Central Asia,Madrid,-3.70327,40.4167,High income,Not classified
Sri Lanka,LK,LKA,2023,,2026-07-13,51.2,142.277402587724,8.76545173115153,100,20.1455348442463,87.9534065332114,29.6,22037000,South Asia,Colombo,79.8528,6.92148,Lower middle income,IDA
St. Kitts and Nevis,KN,KNA,2023,,2026-07-13,76.58950043,118.893023653706,NA,100,31.7007809622822,137.513208876365,NA,46758,Latin America & Caribbean,Basseterre,-62.7309,17.3,High income,IBRD
St. Lucia,LC,LCA,2023,,2026-07-13,67.44390106,NA,NA,100,29.0976313248036,88.6818771362305,62.135,179285,Latin America & Caribbean,Castries,-60.9832,14,Upper middle income,Blend
St. Martin (French part),MF,MAF,2023,,2026-07-13,NA,NA,NA,100,100,NA,NA,27515,Latin America & Caribbean,Marigot,,,High income,Not classified
St. Vincent and the Grenadines,VC,VCT,2023,,2026-07-13,75.53679657,101.631416361537,30.4935700680004,100,47.7169922340041,125.381038491346,58.568,101323,Latin America & Caribbean,Kingstown,-61.2653,13.2035,Upper middle income,Blend
Sub-Saharan Africa,ZG,SSF,2023,,2026-07-13,32.3,90,0.66,53.2507689805499,43.639562828921,45.7079315185547,65.1338633879669,1258809472,NA,NA,NA,NA,NA,NA
Sub-Saharan Africa (excluding high income),ZF,SSA,2023,,2026-07-13,33.5,93.4,0.67,53.2463204690134,43.6394241334397,45.7063407897949,65.1338633879669,1258689699,Aggregates,,,,Aggregates,Aggregates
Sub-Saharan Africa (IDA & IBRD countries),T6,TSS,2023,,2026-07-13,32.1,90,0.66,53.2507689805499,43.6395628289209,45.7079315185547,65.1338633879669,1258809472,Aggregates,,,,Aggregates,Aggregates
Sudan,SD,SDN,2023,,2026-07-13,NA,NA,NA,66,34.7960076976764,NA,NA,50042791,Sub-Saharan Africa,Khartoum,32.5363,15.5932,Low income,IDA
Suriname,SR,SUR,2023,,2026-07-13,87.4,157.24614636039,17.5373597122531,99.6,65.7562408447266,76.1109237670898,44.348,628886,Latin America & Caribbean,Paramaribo,-55.1679,5.8232,Upper middle income,Blend
Sweden,SE,SWE,2023,,2026-07-13,95.70327461,140.265691285045,40.7340135908716,100,88.631216160938,134.244293212891,61.685,10536632,Europe & Central Asia,Stockholm,18.0645,59.3327,High income,Not classified
Switzerland,CH,CHE,2023,,2026-07-13,97.34436623,130.221876609608,46.8364627671237,100,85.1854212679815,102.965591430664,62.375,8888822,Europe & Central Asia,Bern,7.44821,46.948,High income,Not classified
Syrian Arab Republic,SY,SYR,2023,,2026-07-13,NA,72.4405852977604,6.86124546257849,88.4,72.1673803143204,39.4672088623047,12.879,23594623,Middle East & North Africa,Damascus,36.3119,33.5146,Low income,IDA
Tajikistan,TJ,TJK,2023,,2026-07-13,54.41550064,76.215892145748,0.983936262867068,100,26.1890127571429,88.4022015902249,21.674,10389799,Europe & Central Asia,Dushanbe,68.7864,38.5878,Lower middle income,IDA
Tanzania,TZ,TZA,2023,,2026-07-13,28.43190002,105.40028112088,0.10501728326893,48.3,35.4748019434954,NA,80.33,66617606,Sub-Saharan Africa,Dodoma,35.7382,-6.17486,Lower middle income,IDA
Thailand,TH,THA,2023,,2026-07-13,89.53525238,168.642808295144,14.5089451983046,100,60.9341926574707,93.3356315272258,60.311,71702435,East Asia & Pacific,Bangkok,100.521,13.7308,Upper middle income,IBRD
Timor-Leste,TL,TLS,2023,,2026-07-13,NA,112.647241971673,0.00577915257396232,100,28.595471832952,NA,60.774,1384286,East Asia & Pacific,Dili,125.567,-8.56667,Lower middle income,Blend
Togo,TG,TGO,2023,,2026-07-13,37.57020187,75.7906769713952,1.22815843837127,59.2,43.2496853032436,63.4192515229188,56.49,8223850,Sub-Saharan Africa,Lome,1.2255,6.1228,Low income,IDA
Tonga,TO,TON,2023,,2026-07-13,64.13140106,NA,NA,100,21.147944541337,91.8606656320055,42.617,104597,East Asia & Pacific,Nuku'alofa,-175.216,-21.136,Upper middle income,IDA
Trinidad and Tobago,TT,TTO,2023,,2026-07-13,81.9681015,134.230557337258,26.8942307436398,98.7,53.9536842104572,92.9377899169922,50.031,1367510,Latin America & Caribbean,Port-of-Spain,-61.4789,10.6596,High income,IBRD
Tunisia,TN,TUN,2023,,2026-07-13,NA,132.653682480562,14.0829860846719,100,70.0266686486584,NA,26.781,12200431,Middle East & North Africa,Tunis,10.21,36.7899,Lower middle income,IBRD
Turkiye,TR,TUR,2023,,2026-07-13,85.96074155,105.684032912794,22.4591697943845,100,89.0218446796121,118.411979675293,35.764,85325965,Europe & Central Asia,Ankara,32.3606,39.7153,Upper middle income,IBRD
Turkmenistan,TM,TKM,2023,,2026-07-13,NA,NA,NA,100,47.0678875054171,102.546752929688,38.228,7364438,Europe & Central Asia,Ashgabat,58.3794,37.9509,Upper middle income,IBRD
Turks and Caicos Islands,TC,TCA,2023,,2026-07-13,NA,NA,NA,100,93.9324513656818,109.841759938248,NA,46198,Latin America & Caribbean,Grand Turk,-71.141389,21.4602778,High income,Not classified
Tuvalu,TV,TUV,2023,,2026-07-13,NA,NA,NA,100,64.0117206689787,93.2753164556962,NA,9816,East Asia & Pacific,Funafuti,179.089567,-8.6314877,Upper middle income,IDA
Uganda,UG,UGA,2023,,2026-07-13,9.286999702,76.2966796632588,0.0912969650305002,51.5,30.6059359395495,NA,75.445,48656601,Sub-Saharan Africa,Kampala,32.5729,0.314269,Low income,IDA
Ukraine,UA,UKR,2023,,2026-07-13,81.58059692,133.38012811971,21.3774151510902,100,69.4754455027606,87.0823822021484,NA,37732836,Europe & Central Asia,Kiev,30.5038,50.4536,Upper middle income,IBRD
United Arab Emirates,AE,ARE,2023,,2026-07-13,100,199.423843889179,37.0968234502256,100,85.6680699002526,101.944972436447,52.347,10483751,Middle East & North Africa,Abu Dhabi,54.3705,24.4764,High income,Not classified
United Kingdom,GB,GBR,2023,,2026-07-13,95.44719696,122.781542240418,41.4367685540411,100,83.1601932891335,112.120048522949,57.38,68526000,Europe & Central Asia,London,-0.126236,51.5002,High income,Not classified
United States,US,USA,2023,,2026-07-13,93.52559662,112.410910606372,38.0939254696383,100,80.071561119178,NA,56.602,336755052,North America,Washington D.C.,-77.032,38.8895,High income,Not classified
Upper middle income,XT,,2023,,2026-07-13,85.3,127.5,29.83,99.392898640485,67.4481028683691,95.8254470825195,53.9844206129378,3057927413,NA,NA,NA,NA,NA,NA
Uruguay,UY,URY,2023,,2026-07-13,90.92590332,141.71948663565,32.4032099586757,100,95.5439605712891,119.105005958635,56.518,3388081,Latin America & Caribbean,Montevideo,-56.0675,-34.8941,High income,IBRD
Uzbekistan,UZ,UZB,2023,,2026-07-13,89.01361047,106.884847592051,30.2699233460544,100,50.9964841114568,97.3839945834102,41.24,35652307,Europe & Central Asia,Tashkent,69.269,41.3052,Lower middle income,Blend
Vanuatu,VU,VUT,2023,,2026-07-13,NA,89.2943082123161,1.23342353055002,61.6,22.2651966823901,134.670675170038,53.604,320409,East Asia & Pacific,Port-Vila,168.321,-17.7404,Lower middle income,IDA
"Venezuela, RB",VE,VEN,2023,,2026-07-13,76.33190155,70.2197325918151,10.638053537183,100,89.249627620225,97.229606628418,36.158,28300854,Latin America & Caribbean,Caracas,-69.8371,9.08165,Not classified,IBRD
Viet Nam,VN,VNM,2023,,2026-07-13,78.08,130.991428667547,22.6806675035061,99.8,38.1298904418945,NA,69.215,100352192,East Asia & Pacific,Hanoi,105.825,21.0069,Lower middle income,IBRD
Virgin Islands (U.S.),VI,VIR,2023,,2026-07-13,NA,NA,NA,100,95.2740790945924,NA,52.999,104917,Latin America & Caribbean,Charlotte Amalie,-64.8963,18.3358,High income,Not classified
West Bank and Gaza,PS,PSE,2023,,2026-07-13,86.63765334,76.6918854204372,8.37056926326656,100,86.8576870415886,89.1210984011759,NA,5165775,Middle East & North Africa,,,,Lower middle income,Not classified
World,1W,WLD,2023,,2026-07-13,69.2,109.8,18.58,91.6034762480239,57.3116916082902,77.2362213134766,49.0290602452396,8062923417,Aggregates,,,,Aggregates,Aggregates
"Yemen, Rep.",YE,YEM,2023,,2026-07-13,NA,50.8937810578557,NA,83.6,36.5707979836506,NA,4.752,39390799,Middle East & North Africa,Sana'a,44.2075,15.352,Low income,IDA
Zambia,ZM,ZMB,2023,,2026-07-13,16.45070076,102.06156495632,0.681389878819039,51.1,45.0285853521585,NA,56.361,20723965,Sub-Saharan Africa,Lusaka,28.2937,-15.3982,Lower middle income,IDA
Zimbabwe,ZW,ZWE,2023,,2026-07-13,38.67480087,91.6344110473757,1.5745780720211,62,39.2919370795795,NA,62.178,16340822,Sub-Saharan Africa,Harare,31.0672,-17.8312,Lower middle income,Blend
